{
  "epoch_loss": 0.4915941655635834,
  "auc": 0.8344032448660216,
  "auprc": 0.6810291335364431,
  "f1_score": [
    0.9004903374675511,
    0.6286329386437028
  ],
  "average_f1_score": 0.764561638055627
}