{
  "epoch_loss": 0.29641053328911465,
  "auc": 0.8409820358337013,
  "auprc": 0.4892064027813047,
  "f1_score": [
    0.9415262636273538,
    0.34444444444444444
  ],
  "average_f1_score": 0.6429853540358992
}