{
  "epoch_loss": 0.52039202551047,
  "auc": 0.8124963498501924,
  "auprc": 0.630491792630753,
  "f1_score": [
    0.8762177650429799,
    0.5231788079470199
  ],
  "average_f1_score": 0.6996982864949999
}