{
  "epoch_loss": 0.39585935324430466,
  "auc": 0.8646380921969012,
  "auprc": 0.7087978591364913,
  "f1_score": [
    0.8940920228695889,
    0.4619640387275241
  ],
  "average_f1_score": 0.6780280307985564
}