{
  "epoch_loss": 0.4084281076987584,
  "auc": 0.8416637390480448,
  "auprc": 0.699623344228355,
  "f1_score": [
    0.9104434907010015,
    0.6526082130965595
  ],
  "average_f1_score": 0.7815258518987804
}