{
  "epoch_loss": 0.4823475827773412,
  "auc": 0.8509386714170974,
  "auprc": 0.7253514056102893,
  "f1_score": [
    0.908410138248848,
    0.6558441558441558
  ],
  "average_f1_score": 0.7821271470465019
}