{
  "epoch_loss": 0.31821033938063514,
  "auc": 0.8687563087502366,
  "auprc": 0.5762133173160326,
  "f1_score": [
    0.9421530479896238,
    0.5878003696857672
  ],
  "average_f1_score": 0.7649767088376955
}