{
  "epoch_loss": 0.4734230753448274,
  "auc": 0.8334870528497614,
  "auprc": 0.685523467410872,
  "f1_score": [
    0.8822320117474303,
    0.5953582240161454
  ],
  "average_f1_score": 0.7387951178817878
}