{
  "epoch_loss": 0.3457189765241411,
  "auc": 0.8951376704356215,
  "auprc": 0.7222708122763914,
  "f1_score": [
    0.9084548104956268,
    0.6749482401656315
  ],
  "average_f1_score": 0.7917015253306292
}