{
  "epoch_loss": 0.3452005253897773,
  "auc": 0.8992053491004526,
  "auprc": 0.7284307676143157,
  "f1_score": [
    0.9074992704989787,
    0.672858617131063
  ],
  "average_f1_score": 0.7901789438150209
}